"ID";"Bestedingscategorieen";"Perioden";"CPI_1";"CPIAfgeleid_2";"MaandmutatieCPI_3";"MaandmutatieCPIAfgeleid_4";"JaarmutatieCPI_5";"JaarmutatieCPIAfgeleid_6";"Wegingscoefficient_7"
"0";"T001112  ";"1996MM01";"68.03";"72.28";;;;;"100000"
"1";"T001112  ";"1996MM02";"68.29";"72.55";"0.4";"0.4";;;"100000"
"2";"T001112  ";"1996MM03";"68.92";"73.22";"0.9";"0.9";;;"100000"
"3";"T001112  ";"1996MM04";"69.13";"73.44";"0.3";"0.3";;;"100000"
"4";"T001112  ";"1996MM05";"68.96";"73.26";"-0.2";"-0.2";;;"100000"
"5";"T001112  ";"1996MM06";"68.67";"72.95";"-0.4";"-0.4";;;"100000"
"6";"T001112  ";"1996MM07";"68.84";"73.14";"0.2";"0.3";;;"100000"
"7";"T001112  ";"1996MM08";"68.75";"73.04";"-0.1";"-0.1";;;"100000"
"8";"T001112  ";"1996MM09";"69.37";"73.72";"0.9";"0.9";;;"100000"
"9";"T001112  ";"1996MM10";"69.53";"73.89";"0.2";"0.2";;;"100000"
"10";"T001112  ";"1996MM11";"69.45";"73.8";"-0.1";"-0.1";;;"100000"
"11";"T001112  ";"1996MM12";"69.37";"73.72";"-0.1";"-0.1";;;"100000"
"13";"T001112  ";"1997MM01";"69.45";"73.63";"0.1";"-0.1";"2.1";"1.9";"100000"
"14";"T001112  ";"1997MM02";"69.59";"73.78";"0.2";"0.2";"1.9";"1.7";"100000"
"15";"T001112  ";"1997MM03";"70.12";"74.32";"0.8";"0.7";"1.7";"1.5";"100000"
"16";"T001112  ";"1997MM04";"70.2";"74.39";"0.1";"0.1";"1.5";"1.3";"100000"
"17";"T001112  ";"1997MM05";"70.36";"74.56";"0.2";"0.2";"2";"1.8";"100000"
"18";"T001112  ";"1997MM06";"70.02";"74.21";"-0.5";"-0.5";"2";"1.7";"100000"
"19";"T001112  ";"1997MM07";"70.25";"74.48";"0.3";"0.4";"2";"1.8";"100000"
"20";"T001112  ";"1997MM08";"70.44";"74.68";"0.3";"0.3";"2.5";"2.2";"100000"
"21";"T001112  ";"1997MM09";"71.07";"75.37";"0.9";"0.9";"2.5";"2.2";"100000"
"22";"T001112  ";"1997MM10";"71.14";"75.44";"0.1";"0.1";"2.3";"2.1";"100000"
"23";"T001112  ";"1997MM11";"71.17";"75.47";"0";"0";"2.5";"2.3";"100000"
"24";"T001112  ";"1997MM12";"70.95";"75.24";"-0.3";"-0.3";"2.3";"2.1";"100000"
"26";"T001112  ";"1998MM01";"70.71";"74.81";"-0.3";"-0.6";"1.8";"1.6";"100000"
"27";"T001112  ";"1998MM02";"71.11";"75.22";"0.6";"0.5";"2.2";"2";"100000"
"28";"T001112  ";"1998MM03";"71.7";"75.85";"0.8";"0.8";"2.3";"2.1";"100000"
"29";"T001112  ";"1998MM04";"71.88";"76.04";"0.3";"0.3";"2.4";"2.2";"100000"
"30";"T001112  ";"1998MM05";"71.81";"75.96";"-0.1";"-0.1";"2.1";"1.9";"100000"
"31";"T001112  ";"1998MM06";"71.51";"75.65";"-0.4";"-0.4";"2.1";"1.9";"100000"
"32";"T001112  ";"1998MM07";"71.65";"75.8";"0.2";"0.2";"2";"1.8";"100000"
"33";"T001112  ";"1998MM08";"71.66";"75.8";"0";"0";"1.7";"1.5";"100000"
"34";"T001112  ";"1998MM09";"72.25";"76.45";"0.8";"0.9";"1.7";"1.4";"100000"
"35";"T001112  ";"1998MM10";"72.41";"76.63";"0.2";"0.2";"1.8";"1.6";"100000"
"36";"T001112  ";"1998MM11";"72.41";"76.61";"0";"0";"1.7";"1.5";"100000"
"37";"T001112  ";"1998MM12";"72.21";"76.39";"-0.3";"-0.3";"1.8";"1.5";"100000"
"39";"T001112  ";"1999MM01";"72.25";"76.06";"0.1";"-0.4";"2.2";"1.7";"100000"
"40";"T001112  ";"1999MM02";"72.61";"76.44";"0.5";"0.5";"2.1";"1.6";"100000"
"41";"T001112  ";"1999MM03";"73.24";"77.11";"0.9";"0.9";"2.1";"1.7";"100000"
"42";"T001112  ";"1999MM04";"73.4";"77.28";"0.2";"0.2";"2.1";"1.6";"100000"
"43";"T001112  ";"1999MM05";"73.42";"77.31";"0";"0";"2.2";"1.8";"100000"
"44";"T001112  ";"1999MM06";"73.14";"77";"-0.4";"-0.4";"2.3";"1.8";"100000"
"45";"T001112  ";"1999MM07";"73.06";"76.92";"-0.1";"-0.1";"2";"1.5";"100000"
"46";"T001112  ";"1999MM08";"73.46";"77.34";"0.5";"0.5";"2.5";"2";"100000"
"47";"T001112  ";"1999MM09";"73.8";"77.68";"0.5";"0.4";"2.1";"1.6";"100000"
"48";"T001112  ";"1999MM10";"73.86";"77.74";"0.1";"0.1";"2";"1.4";"100000"
"49";"T001112  ";"1999MM11";"73.95";"77.84";"0.1";"0.1";"2.1";"1.6";"100000"
"50";"T001112  ";"1999MM12";"73.7";"77.58";"-0.3";"-0.3";"2.1";"1.6";"100000"
"52";"T001112  ";"2000MM01";"73.55";"77.17";"-0.2";"-0.5";"1.8";"1.5";"100000"
"53";"T001112  ";"2000MM02";"74";"77.64";"0.6";"0.6";"1.9";"1.6";"100000"
"54";"T001112  ";"2000MM03";"74.66";"78.33";"0.9";"0.9";"1.9";"1.6";"100000"
"55";"T001112  ";"2000MM04";"74.78";"78.46";"0.2";"0.2";"1.9";"1.5";"100000"
"56";"T001112  ";"2000MM05";"75.02";"78.69";"0.3";"0.3";"2.2";"1.8";"100000"
"57";"T001112  ";"2000MM06";"74.94";"78.62";"-0.1";"-0.1";"2.5";"2.1";"100000"
"58";"T001112  ";"2000MM07";"74.75";"78.41";"-0.3";"-0.3";"2.3";"1.9";"100000"
"59";"T001112  ";"2000MM08";"75.08";"78.75";"0.4";"0.4";"2.2";"1.8";"100000"
"60";"T001112  ";"2000MM09";"75.99";"79.7";"1.2";"1.2";"3";"2.6";"100000"
"61";"T001112  ";"2000MM10";"76.12";"79.84";"0.2";"0.2";"3.1";"2.7";"100000"
"62";"T001112  ";"2000MM11";"76.11";"79.83";"0";"0";"2.9";"2.6";"100000"
"63";"T001112  ";"2000MM12";"75.66";"79.36";"-0.6";"-0.6";"2.7";"2.3";"100000"
"65";"T001112  ";"2001MM01";"76.31";"79.25";"0.9";"-0.1";"3.8";"2.7";"100000"
"66";"T001112  ";"2001MM02";"76.98";"79.91";"0.9";"0.8";"4";"2.9";"100000"
"67";"T001112  ";"2001MM03";"77.7";"80.67";"0.9";"1";"4.1";"3";"100000"
"68";"T001112  ";"2001MM04";"78.13";"81.12";"0.6";"0.6";"4.5";"3.4";"100000"
"69";"T001112  ";"2001MM05";"78.39";"81.39";"0.3";"0.3";"4.5";"3.4";"100000"
"70";"T001112  ";"2001MM06";"78.09";"81.07";"-0.4";"-0.4";"4.2";"3.1";"100000"
"71";"T001112  ";"2001MM07";"77.98";"80.99";"-0.1";"-0.1";"4.3";"3.3";"100000"
"72";"T001112  ";"2001MM08";"78.27";"81.28";"0.4";"0.4";"4.2";"3.2";"100000"
"73";"T001112  ";"2001MM09";"79.23";"82.27";"1.2";"1.2";"4.3";"3.2";"100000"
"74";"T001112  ";"2001MM10";"79.15";"82.18";"-0.1";"-0.1";"4";"2.9";"100000"
"75";"T001112  ";"2001MM11";"79.05";"82.08";"-0.1";"-0.1";"3.9";"2.8";"100000"
"76";"T001112  ";"2001MM12";"78.81";"81.84";"-0.3";"-0.3";"4.2";"3.1";"100000"
"78";"T001112  ";"2002MM01";"79.38";"82.37";"0.7";"0.6";"4";"3.9";"100000"
"79";"T001112  ";"2002MM02";"79.81";"82.82";"0.5";"0.5";"3.7";"3.6";"100000"
"80";"T001112  ";"2002MM03";"80.52";"83.55";"0.9";"0.9";"3.6";"3.6";"100000"
"81";"T001112  ";"2002MM04";"80.9";"83.94";"0.5";"0.5";"3.5";"3.5";"100000"
"82";"T001112  ";"2002MM05";"80.92";"83.96";"0";"0";"3.2";"3.2";"100000"
"83";"T001112  ";"2002MM06";"80.65";"83.66";"-0.3";"-0.4";"3.3";"3.2";"100000"
"84";"T001112  ";"2002MM07";"80.54";"83.55";"-0.1";"-0.1";"3.3";"3.2";"100000"
"85";"T001112  ";"2002MM08";"80.81";"83.84";"0.3";"0.3";"3.2";"3.1";"100000"
"86";"T001112  ";"2002MM09";"81.69";"84.74";"1.1";"1.1";"3.1";"3";"100000"
"87";"T001112  ";"2002MM10";"81.49";"84.59";"-0.2";"-0.2";"3";"2.9";"100000"
"88";"T001112  ";"2002MM11";"81.25";"84.34";"-0.3";"-0.3";"2.8";"2.8";"100000"
"89";"T001112  ";"2002MM12";"80.97";"84.05";"-0.3";"-0.3";"2.7";"2.7";"100000"
"91";"T001112  ";"2003MM01";"81.25";"84.06";"0.3";"0";"2.4";"2.1";"100000"
"92";"T001112  ";"2003MM02";"81.75";"84.58";"0.6";"0.6";"2.4";"2.1";"100000"
"93";"T001112  ";"2003MM03";"82.53";"85.39";"1";"1";"2.5";"2.2";"100000"
"94";"T001112  ";"2003MM04";"82.61";"85.47";"0.1";"0.1";"2.1";"1.8";"100000"
"95";"T001112  ";"2003MM05";"82.55";"85.42";"-0.1";"-0.1";"2";"1.7";"100000"
"96";"T001112  ";"2003MM06";"82.17";"85.02";"-0.5";"-0.5";"1.9";"1.6";"100000"
"97";"T001112  ";"2003MM07";"82.24";"85.19";"0.1";"0.2";"2.1";"2";"100000"
"98";"T001112  ";"2003MM08";"82.5";"85.45";"0.3";"0.3";"2.1";"1.9";"100000"
"99";"T001112  ";"2003MM09";"83.31";"86.29";"1";"1";"2";"1.8";"100000"
"100";"T001112  ";"2003MM10";"83.08";"86.06";"-0.3";"-0.3";"2";"1.7";"100000"
"101";"T001112  ";"2003MM11";"82.87";"85.84";"-0.3";"-0.3";"2";"1.8";"100000"
"102";"T001112  ";"2003MM12";"82.34";"85.29";"-0.6";"-0.6";"1.7";"1.5";"100000"
"104";"T001112  ";"2004MM01";"82.35";"85.09";"0";"-0.2";"1.4";"1.2";"100000"
"105";"T001112  ";"2004MM02";"82.72";"85.47";"0.4";"0.4";"1.2";"1.1";"100000"
"106";"T001112  ";"2004MM03";"83.44";"86.14";"0.9";"0.8";"1.1";"0.9";"100000"
"107";"T001112  ";"2004MM04";"83.71";"86.31";"0.3";"0.2";"1.3";"1";"100000"
"108";"T001112  ";"2004MM05";"83.85";"86.45";"0.2";"0.2";"1.6";"1.2";"100000"
"109";"T001112  ";"2004MM06";"83.31";"85.89";"-0.6";"-0.6";"1.4";"1";"100000"
"110";"T001112  ";"2004MM07";"83.19";"85.72";"-0.1";"-0.2";"1.2";"0.6";"100000"
"111";"T001112  ";"2004MM08";"83.47";"86.01";"0.3";"0.3";"1.2";"0.7";"100000"
"112";"T001112  ";"2004MM09";"84.2";"86.76";"0.9";"0.9";"1.1";"0.5";"100000"
"113";"T001112  ";"2004MM10";"84.23";"86.8";"0";"0";"1.4";"0.9";"100000"
"114";"T001112  ";"2004MM11";"83.98";"86.54";"-0.3";"-0.3";"1.3";"0.8";"100000"
"115";"T001112  ";"2004MM12";"83.25";"85.79";"-0.9";"-0.9";"1.1";"0.6";"100000"
"117";"T001112  ";"2005MM01";"83.58";"85.92";"0.4";"0.2";"1.5";"1";"100000"
"118";"T001112  ";"2005MM02";"84.1";"86.46";"0.6";"0.6";"1.7";"1.2";"100000"
"119";"T001112  ";"2005MM03";"84.88";"87.28";"0.9";"0.9";"1.7";"1.3";"100000"
"120";"T001112  ";"2005MM04";"85.03";"87.42";"0.2";"0.2";"1.6";"1.3";"100000"
"121";"T001112  ";"2005MM05";"84.98";"87.37";"-0.1";"-0.1";"1.3";"1.1";"100000"
"122";"T001112  ";"2005MM06";"84.7";"87.08";"-0.3";"-0.3";"1.7";"1.4";"100000"
"123";"T001112  ";"2005MM07";"84.57";"86.95";"-0.2";"-0.1";"1.7";"1.4";"100000"
"124";"T001112  ";"2005MM08";"84.96";"87.36";"0.5";"0.5";"1.8";"1.6";"100000"
"125";"T001112  ";"2005MM09";"85.73";"88.15";"0.9";"0.9";"1.8";"1.6";"100000"
"126";"T001112  ";"2005MM10";"85.66";"88.08";"-0.1";"-0.1";"1.7";"1.5";"100000"
"127";"T001112  ";"2005MM11";"85.44";"87.85";"-0.3";"-0.3";"1.7";"1.5";"100000"
"128";"T001112  ";"2005MM12";"84.98";"87.38";"-0.5";"-0.5";"2.1";"1.9";"100000"
"130";"T001112  ";"2006MM01";"84.68";"87.44";"-0.4";"0.1";"1.3";"1.8";"100000"
"131";"T001112  ";"2006MM02";"85.01";"87.79";"0.4";"0.4";"1.1";"1.5";"100000"
"132";"T001112  ";"2006MM03";"85.68";"88.49";"0.8";"0.8";"0.9";"1.4";"100000"
"133";"T001112  ";"2006MM04";"86.07";"88.88";"0.5";"0.4";"1.2";"1.7";"100000"
"134";"T001112  ";"2006MM05";"86.15";"88.95";"0.1";"0.1";"1.4";"1.8";"100000"
"135";"T001112  ";"2006MM06";"85.84";"88.62";"-0.4";"-0.4";"1.3";"1.8";"100000"
"136";"T001112  ";"2006MM07";"85.68";"88.46";"-0.2";"-0.2";"1.3";"1.7";"100000"
"137";"T001112  ";"2006MM08";"86.13";"88.89";"0.5";"0.5";"1.4";"1.8";"100000"
"138";"T001112  ";"2006MM09";"86.46";"89.24";"0.4";"0.4";"0.9";"1.2";"100000"
"139";"T001112  ";"2006MM10";"86.24";"89.01";"-0.3";"-0.3";"0.7";"1.1";"100000"
"140";"T001112  ";"2006MM11";"86.1";"88.87";"-0.2";"-0.2";"0.8";"1.2";"100000"
"141";"T001112  ";"2006MM12";"85.79";"88.54";"-0.4";"-0.4";"1";"1.3";"100000"
"143";"T001112  ";"2007MM01";"85.89";"88.55";"0.1";"0";"1.4";"1.3";"100000"
"144";"T001112  ";"2007MM02";"86.28";"88.96";"0.5";"0.5";"1.5";"1.3";"100000"
"145";"T001112  ";"2007MM03";"87.22";"89.92";"1.1";"1.1";"1.8";"1.6";"100000"
"146";"T001112  ";"2007MM04";"87.64";"90.34";"0.5";"0.5";"1.8";"1.6";"100000"
"147";"T001112  ";"2007MM05";"87.7";"90.41";"0.1";"0.1";"1.8";"1.6";"100000"
"148";"T001112  ";"2007MM06";"87.34";"90.04";"-0.4";"-0.4";"1.7";"1.6";"100000"
"149";"T001112  ";"2007MM07";"86.93";"89.61";"-0.5";"-0.5";"1.5";"1.3";"100000"
"150";"T001112  ";"2007MM08";"87.08";"89.77";"0.2";"0.2";"1.1";"1";"100000"
"151";"T001112  ";"2007MM09";"87.59";"90.3";"0.6";"0.6";"1.3";"1.2";"100000"
"152";"T001112  ";"2007MM10";"87.63";"90.33";"0";"0";"1.6";"1.5";"100000"
"153";"T001112  ";"2007MM11";"87.76";"90.47";"0.1";"0.2";"1.9";"1.8";"100000"
"154";"T001112  ";"2007MM12";"87.39";"90.08";"-0.4";"-0.4";"1.9";"1.7";"100000"
"156";"T001112  ";"2008MM01";"87.63";"90.24";"0.3";"0.2";"2";"1.9";"100000"
"157";"T001112  ";"2008MM02";"88.22";"90.82";"0.7";"0.6";"2.2";"2.1";"100000"
"158";"T001112  ";"2008MM03";"89.09";"91.71";"1";"1";"2.1";"2";"100000"
"159";"T001112  ";"2008MM04";"89.42";"92.02";"0.4";"0.3";"2";"1.9";"100000"
"160";"T001112  ";"2008MM05";"89.74";"92.34";"0.4";"0.3";"2.3";"2.1";"100000"
"161";"T001112  ";"2008MM06";"89.58";"92.17";"-0.2";"-0.2";"2.6";"2.4";"100000"
"162";"T001112  ";"2008MM07";"89.72";"92.26";"0.2";"0.1";"3.2";"3";"100000"
"163";"T001112  ";"2008MM08";"89.89";"92.44";"0.2";"0.2";"3.2";"3";"100000"
"164";"T001112  ";"2008MM09";"90.28";"92.84";"0.4";"0.4";"3.1";"2.8";"100000"
"165";"T001112  ";"2008MM10";"90.07";"92.62";"-0.2";"-0.2";"2.8";"2.5";"100000"
"166";"T001112  ";"2008MM11";"89.74";"92.14";"-0.4";"-0.5";"2.3";"1.8";"100000"
"167";"T001112  ";"2008MM12";"89.09";"91.44";"-0.7";"-0.8";"1.9";"1.5";"100000"
"169";"T001112  ";"2009MM01";"89.32";"91.54";"0.3";"0.1";"1.9";"1.4";"100000"
"170";"T001112  ";"2009MM02";"89.95";"92.19";"0.7";"0.7";"2";"1.5";"100000"
"171";"T001112  ";"2009MM03";"90.85";"93.11";"1";"1";"2";"1.5";"100000"
"172";"T001112  ";"2009MM04";"91.05";"93.31";"0.2";"0.2";"1.8";"1.4";"100000"
"173";"T001112  ";"2009MM05";"91.17";"93.45";"0.1";"0.2";"1.6";"1.2";"100000"
"174";"T001112  ";"2009MM06";"90.85";"93.14";"-0.4";"-0.3";"1.4";"1.1";"100000"
"175";"T001112  ";"2009MM07";"89.89";"92.16";"-1.1";"-1.1";"0.2";"-0.1";"100000"
"176";"T001112  ";"2009MM08";"90.14";"92.41";"0.3";"0.3";"0.3";"0";"100000"
"177";"T001112  ";"2009MM09";"90.62";"92.91";"0.5";"0.5";"0.4";"0.1";"100000"
"178";"T001112  ";"2009MM10";"90.7";"93";"0.1";"0.1";"0.7";"0.4";"100000"
"179";"T001112  ";"2009MM11";"90.61";"92.9";"-0.1";"-0.1";"1";"0.8";"100000"
"180";"T001112  ";"2009MM12";"90.08";"92.37";"-0.6";"-0.6";"1.1";"1";"100000"
"182";"T001112  ";"2010MM01";"90.05";"92.15";"0";"-0.2";"0.8";"0.7";"100000"
"183";"T001112  ";"2010MM02";"90.69";"92.8";"0.7";"0.7";"0.8";"0.7";"100000"
"184";"T001112  ";"2010MM03";"91.77";"93.9";"1.2";"1.2";"1";"0.8";"100000"
"185";"T001112  ";"2010MM04";"92.08";"94.2";"0.3";"0.3";"1.1";"1";"100000"
"186";"T001112  ";"2010MM05";"92.04";"94.15";"0";"-0.1";"1";"0.7";"100000"
"187";"T001112  ";"2010MM06";"91.6";"93.7";"-0.5";"-0.5";"0.8";"0.6";"100000"
"188";"T001112  ";"2010MM07";"91.34";"93.44";"-0.3";"-0.3";"1.6";"1.4";"100000"
"189";"T001112  ";"2010MM08";"91.48";"93.58";"0.2";"0.1";"1.5";"1.3";"100000"
"190";"T001112  ";"2010MM09";"92.05";"94.17";"0.6";"0.6";"1.6";"1.4";"100000"
"191";"T001112  ";"2010MM10";"92.13";"94.27";"0.1";"0.1";"1.6";"1.4";"100000"
"192";"T001112  ";"2010MM11";"92.02";"94.16";"-0.1";"-0.1";"1.6";"1.4";"100000"
"193";"T001112  ";"2010MM12";"91.82";"93.96";"-0.2";"-0.2";"1.9";"1.7";"100000"
"195";"T001112  ";"2011MM01";"91.72";"93.8";"-0.1";"-0.2";"1.9";"1.8";"100000"
"196";"T001112  ";"2011MM02";"92.41";"94.5";"0.8";"0.7";"1.9";"1.8";"100000"
"197";"T001112  ";"2011MM03";"93.46";"95.54";"1.1";"1.1";"1.8";"1.7";"100000"
"198";"T001112  ";"2011MM04";"93.96";"96.01";"0.5";"0.5";"2";"1.9";"100000"
"199";"T001112  ";"2011MM05";"94.03";"96.05";"0.1";"0";"2.2";"2";"100000"
"200";"T001112  ";"2011MM06";"93.57";"95.58";"-0.5";"-0.5";"2.2";"2";"100000"
"201";"T001112  ";"2011MM07";"94.04";"96";"0.5";"0.4";"3";"2.7";"100000"
"202";"T001112  ";"2011MM08";"94.19";"96.15";"0.2";"0.2";"3";"2.7";"100000"
"203";"T001112  ";"2011MM09";"94.53";"96.48";"0.4";"0.3";"2.7";"2.5";"100000"
"204";"T001112  ";"2011MM10";"94.57";"96.52";"0";"0";"2.6";"2.4";"100000"
"205";"T001112  ";"2011MM11";"94.28";"96.23";"-0.3";"-0.3";"2.5";"2.2";"100000"
"206";"T001112  ";"2011MM12";"94.04";"95.98";"-0.3";"-0.3";"2.4";"2.1";"100000"
"208";"T001112  ";"2012MM01";"93.99";"95.83";"-0.1";"-0.2";"2.5";"2.2";"100000"
"209";"T001112  ";"2012MM02";"94.7";"96.55";"0.8";"0.8";"2.5";"2.2";"100000"
"210";"T001112  ";"2012MM03";"95.78";"97.66";"1.1";"1.1";"2.5";"2.2";"100000"
"211";"T001112  ";"2012MM04";"96.17";"98.06";"0.4";"0.4";"2.4";"2.1";"100000"
"212";"T001112  ";"2012MM05";"96.03";"97.91";"-0.1";"-0.2";"2.1";"1.9";"100000"
"213";"T001112  ";"2012MM06";"95.57";"97.44";"-0.5";"-0.5";"2.1";"1.9";"100000"
"214";"T001112  ";"2012MM07";"96.2";"98.02";"0.7";"0.6";"2.3";"2.1";"100000"
"215";"T001112  ";"2012MM08";"96.32";"98.15";"0.1";"0.1";"2.3";"2.1";"100000"
"216";"T001112  ";"2012MM09";"96.72";"98.55";"0.4";"0.4";"2.3";"2.1";"100000"
"217";"T001112  ";"2012MM10";"97.29";"98.43";"0.6";"-0.1";"2.9";"2";"100000"
"218";"T001112  ";"2012MM11";"96.89";"98.03";"-0.4";"-0.4";"2.8";"1.9";"100000"
"219";"T001112  ";"2012MM12";"96.76";"97.9";"-0.1";"-0.1";"2.9";"2";"100000"
"221";"T001112  ";"2013MM01";"96.78";"97.35";"0";"-0.6";"3";"1.6";"100000"
"222";"T001112  ";"2013MM02";"97.54";"98.09";"0.8";"0.8";"3";"1.6";"100000"
"223";"T001112  ";"2013MM03";"98.58";"99.13";"1.1";"1.1";"2.9";"1.5";"100000"
"224";"T001112  ";"2013MM04";"98.67";"99.18";"0.1";"0.1";"2.6";"1.1";"100000"
"225";"T001112  ";"2013MM05";"98.69";"99.21";"0";"0";"2.8";"1.3";"100000"
"226";"T001112  ";"2013MM06";"98.32";"98.84";"-0.4";"-0.4";"2.9";"1.4";"100000"
"227";"T001112  ";"2013MM07";"99.15";"99.68";"0.8";"0.8";"3.1";"1.7";"100000"
"228";"T001112  ";"2013MM08";"99.03";"99.55";"-0.1";"-0.1";"2.8";"1.4";"100000"
"229";"T001112  ";"2013MM09";"99.08";"99.61";"0.1";"0.1";"2.4";"1.1";"100000"
"230";"T001112  ";"2013MM10";"98.8";"99.32";"-0.3";"-0.3";"1.6";"0.9";"100000"
"231";"T001112  ";"2013MM11";"98.31";"98.84";"-0.5";"-0.5";"1.5";"0.8";"100000"
"232";"T001112  ";"2013MM12";"98.36";"98.89";"0.1";"0.1";"1.7";"1";"100000"
"234";"T001112  ";"2014MM01";"98.15";"98.32";"-0.2";"-0.6";"1.4";"1";"100000"
"235";"T001112  ";"2014MM02";"98.57";"98.74";"0.4";"0.4";"1.1";"0.7";"100000"
"236";"T001112  ";"2014MM03";"99.39";"99.57";"0.8";"0.8";"0.8";"0.4";"100000"
"237";"T001112  ";"2014MM04";"99.85";"100.03";"0.5";"0.5";"1.2";"0.9";"100000"
"238";"T001112  ";"2014MM05";"99.51";"99.68";"-0.3";"-0.3";"0.8";"0.5";"100000"
"239";"T001112  ";"2014MM06";"99.24";"99.44";"-0.3";"-0.2";"0.9";"0.6";"100000"
"240";"T001112  ";"2014MM07";"100.05";"100.26";"0.8";"0.8";"0.9";"0.6";"100000"
"241";"T001112  ";"2014MM08";"99.98";"100.2";"-0.1";"-0.1";"1";"0.7";"100000"
"242";"T001112  ";"2014MM09";"99.96";"100.18";"0";"0";"0.9";"0.6";"100000"
"243";"T001112  ";"2014MM10";"99.84";"100.06";"-0.1";"-0.1";"1.1";"0.7";"100000"
"244";"T001112  ";"2014MM11";"99.25";"99.47";"-0.6";"-0.6";"1";"0.6";"100000"
"245";"T001112  ";"2014MM12";"99.05";"99.27";"-0.2";"-0.2";"0.7";"0.4";"100000"
"247";"T001112  ";"2015MM01";"98.15";"98.16";"-0.9";"-1.1";"0";"-0.2";"100000"
"248";"T001112  ";"2015MM02";"98.69";"98.7";"0.6";"0.6";"0.1";"0";"100000"
"249";"T001112  ";"2015MM03";"99.75";"99.75";"1.1";"1.1";"0.4";"0.2";"100000"
"250";"T001112  ";"2015MM04";"100.39";"100.39";"0.6";"0.6";"0.5";"0.4";"100000"
"251";"T001112  ";"2015MM05";"100.61";"100.62";"0.2";"0.2";"1.1";"0.9";"100000"
"252";"T001112  ";"2015MM06";"100.23";"100.23";"-0.4";"-0.4";"1";"0.8";"100000"
"253";"T001112  ";"2015MM07";"101";"101";"0.8";"0.8";"0.9";"0.7";"100000"
"254";"T001112  ";"2015MM08";"100.69";"100.68";"-0.3";"-0.3";"0.7";"0.5";"100000"
"255";"T001112  ";"2015MM09";"100.5";"100.5";"-0.2";"-0.2";"0.5";"0.3";"100000"
"256";"T001112  ";"2015MM10";"100.41";"100.4";"-0.1";"-0.1";"0.6";"0.3";"100000"
"257";"T001112  ";"2015MM11";"99.85";"99.84";"-0.6";"-0.6";"0.6";"0.4";"100000"
"258";"T001112  ";"2015MM12";"99.73";"99.72";"-0.1";"-0.1";"0.7";"0.5";"100000"
"260";"T001112  ";"2016MM01";"98.71";"98.67";"-1";"-1.1";"0.6";"0.5";"100000"
"261";"T001112  ";"2016MM02";"99.3";"99.25";"0.6";"0.6";"0.6";"0.6";"100000"
"262";"T001112  ";"2016MM03";"100.31";"100.26";"1";"1";"0.6";"0.5";"100000"
"263";"T001112  ";"2016MM04";"100.4";"100.32";"0.1";"0.1";"0";"-0.1";"100000"
"264";"T001112  ";"2016MM05";"100.58";"100.5";"0.2";"0.2";"0";"-0.1";"100000"
"265";"T001112  ";"2016MM06";"100.26";"100.19";"-0.3";"-0.3";"0";"0";"100000"
"266";"T001112  ";"2016MM07";"100.76";"100.68";"0.5";"0.5";"-0.2";"-0.3";"100000"
"267";"T001112  ";"2016MM08";"100.88";"100.8";"0.1";"0.1";"0.2";"0.1";"100000"
"268";"T001112  ";"2016MM09";"100.57";"100.49";"-0.3";"-0.3";"0.1";"0";"100000"
"269";"T001112  ";"2016MM10";"100.83";"100.76";"0.3";"0.3";"0.4";"0.4";"100000"
"270";"T001112  ";"2016MM11";"100.49";"100.43";"-0.3";"-0.3";"0.6";"0.6";"100000"
"271";"T001112  ";"2016MM12";"100.71";"100.65";"0.2";"0.2";"1";"0.9";"100000"
"273";"T001112  ";"2017MM01";"100.35";"100.24";"-0.4";"-0.4";"1.7";"1.6";"100000"
"274";"T001112  ";"2017MM02";"101.09";"100.98";"0.7";"0.7";"1.8";"1.7";"100000"
"275";"T001112  ";"2017MM03";"101.44";"101.34";"0.3";"0.4";"1.1";"1.1";"100000"
"276";"T001112  ";"2017MM04";"101.98";"101.88";"0.5";"0.5";"1.6";"1.6";"100000"
"277";"T001112  ";"2017MM05";"101.65";"101.54";"-0.3";"-0.3";"1.1";"1";"100000"
"278";"T001112  ";"2017MM06";"101.37";"101.31";"-0.3";"-0.2";"1.1";"1.1";"100000"
"279";"T001112  ";"2017MM07";"102.11";"102.05";"0.7";"0.7";"1.3";"1.4";"100000"
"280";"T001112  ";"2017MM08";"102.27";"102.21";"0.2";"0.2";"1.4";"1.4";"100000"
"281";"T001112  ";"2017MM09";"102.03";"101.97";"-0.2";"-0.2";"1.5";"1.5";"100000"
"282";"T001112  ";"2017MM10";"102.17";"102.11";"0.1";"0.1";"1.3";"1.3";"100000"
"283";"T001112  ";"2017MM11";"102";"101.94";"-0.2";"-0.2";"1.5";"1.5";"100000"
"284";"T001112  ";"2017MM12";"101.97";"101.9";"0";"0";"1.3";"1.2";"100000"
"286";"T001112  ";"2018MM01";"101.82";"101.51";"-0.1";"-0.4";"1.5";"1.3";"100000"
"287";"T001112  ";"2018MM02";"102.31";"102.01";"0.5";"0.5";"1.2";"1";"100000"
"288";"T001112  ";"2018MM03";"102.47";"102.15";"0.2";"0.1";"1";"0.8";"100000"
"289";"T001112  ";"2018MM04";"103.11";"102.71";"0.6";"0.5";"1.1";"0.8";"100000"
"290";"T001112  ";"2018MM05";"103.42";"102.99";"0.3";"0.3";"1.7";"1.4";"100000"
"291";"T001112  ";"2018MM06";"103.1";"102.65";"-0.3";"-0.3";"1.7";"1.3";"100000"
"292";"T001112  ";"2018MM07";"104.28";"103.82";"1.1";"1.1";"2.1";"1.7";"100000"
"293";"T001112  ";"2018MM08";"104.4";"103.91";"0.1";"0.1";"2.1";"1.7";"100000"
"294";"T001112  ";"2018MM09";"103.95";"103.47";"-0.4";"-0.4";"1.9";"1.5";"100000"
"295";"T001112  ";"2018MM10";"104.32";"103.83";"0.4";"0.3";"2.1";"1.7";"100000"
"296";"T001112  ";"2018MM11";"104.07";"103.57";"-0.2";"-0.3";"2";"1.6";"100000"
"297";"T001112  ";"2018MM12";"103.97";"103.47";"-0.1";"-0.1";"2";"1.5";"100000"
"299";"T001112  ";"2019MM01";"104.05";"102.56";"0.1";"-0.9";"2.2";"1";"100000"
"300";"T001112  ";"2019MM02";"104.97";"103.47";"0.9";"0.9";"2.6";"1.4";"100000"
"301";"T001112  ";"2019MM03";"105.37";"103.86";"0.4";"0.4";"2.8";"1.7";"100000"
"302";"T001112  ";"2019MM04";"106.08";"104.55";"0.7";"0.7";"2.9";"1.8";"100000"
"303";"T001112  ";"2019MM05";"105.94";"104.42";"-0.1";"-0.1";"2.4";"1.4";"100000"
"304";"T001112  ";"2019MM06";"105.84";"104.32";"-0.1";"-0.1";"2.7";"1.6";"100000"
"305";"T001112  ";"2019MM07";"106.9";"105.37";"1";"1";"2.5";"1.5";"100000"
"306";"T001112  ";"2019MM08";"107.37";"105.83";"0.4";"0.4";"2.8";"1.8";"100000"
"307";"T001112  ";"2019MM09";"106.7";"105.17";"-0.6";"-0.6";"2.6";"1.6";"100000"
"308";"T001112  ";"2019MM10";"107.16";"105.63";"0.4";"0.4";"2.7";"1.7";"100000"
"309";"T001112  ";"2019MM11";"106.73";"105.21";"-0.4";"-0.4";"2.6";"1.6";"100000"
"310";"T001112  ";"2019MM12";"106.8";"105.28";"0.1";"0.1";"2.7";"1.7";"100000"
"312";"T001112  ";"2020MM01";"105.97";"104.58";"-0.8";"-0.7";"1.8";"2";"100000"
"313";"T001112  ";"2020MM02";"106.64";"105.24";"0.6";"0.6";"1.6";"1.7";"100000"
"314";"T001112  ";"2020MM03";"106.85";"105.44";"0.2";"0.2";"1.4";"1.5";"100000"
"315";"T001112  ";"2020MM04";"107.34";"105.91";"0.5";"0.4";"1.2";"1.3";"100000"
"316";"T001112  ";"2020MM05";"107.18";"105.62";"-0.1";"-0.3";"1.2";"1.1";"100000"
"317";"T001112  ";"2020MM06";"107.51";"105.83";"0.3";"0.2";"1.6";"1.4";"100000"
"318";"T001112  ";"2020MM07";"108.69";"107.01";"1.1";"1.1";"1.7";"1.6";"100000"
"319";"T001112  ";"2020MM08";"108.13";"106.46";"-0.5";"-0.5";"0.7";"0.6";"100000"
"320";"T001112  ";"2020MM09";"107.88";"106.21";"-0.2";"-0.2";"1.1";"1";"100000"
"321";"T001112  ";"2020MM10";"108.47";"106.81";"0.5";"0.6";"1.2";"1.1";"100000"
"322";"T001112  ";"2020MM11";"107.61";"105.96";"-0.8";"-0.8";"0.8";"0.7";"100000"
"323";"T001112  ";"2020MM12";"107.85";"106.19";"0.2";"0.2";"1";"0.9";"100000"
"325";"T001112  ";"2021MM01";"107.62";"105.85";"-0.2";"-0.3";"1.6";"1.2";"100000"
"326";"T001112  ";"2021MM02";"108.57";"106.77";"0.9";"0.9";"1.8";"1.5";"100000"
"327";"T001112  ";"2021MM03";"108.87";"107.05";"0.3";"0.3";"1.9";"1.5";"100000"
"328";"T001112  ";"2021MM04";"109.36";"107.53";"0.5";"0.4";"1.9";"1.5";"100000"
"329";"T001112  ";"2021MM05";"109.46";"107.63";"0.1";"0.1";"2.1";"1.9";"100000"
"330";"T001112  ";"2021MM06";"109.67";"107.84";"0.2";"0.2";"2";"1.9";"100000"
"331";"T001112  ";"2021MM07";"110.23";"108.39";"0.5";"0.5";"1.4";"1.3";"100000"
"332";"T001112  ";"2021MM08";"110.71";"108.87";"0.4";"0.4";"2.4";"2.3";"100000"
"333";"T001112  ";"2021MM09";"110.79";"108.94";"0.1";"0.1";"2.7";"2.6";"100000"
"334";"T001112  ";"2021MM10";"112.18";"110.31";"1.3";"1.3";"3.4";"3.3";"100000"
"335";"T001112  ";"2021MM11";"113.17";"111.29";"0.9";"0.9";"5.2";"5";"100000"
"336";"T001112  ";"2021MM12";"114.01";"112.12";"0.7";"0.7";"5.7";"5.6";"100000"
"338";"T001112  ";"2022MM01";"114.53";"113.64";"0.5";"1.4";"6.4";"7.4";"100000"
"339";"T001112  ";"2022MM02";"115.27";"114.37";"0.6";"0.6";"6.2";"7.1";"100000"
"340";"T001112  ";"2022MM03";"119.46";"118.49";"3.6";"3.6";"9.7";"10.7";"100000"
"341";"T001112  ";"2022MM04";"119.81";"119.21";"0.3";"0.6";"9.6";"10.9";"100000"
"342";"T001112  ";"2022MM05";"119.05";"118.46";"-0.6";"-0.6";"8.8";"10.1";"100000"
"343";"T001112  ";"2022MM06";"119.05";"118.47";"0";"0";"8.6";"9.9";"100000"
"344";"T001112  ";"2022MM07";"121.57";"121.88";"2.1";"2.9";"10.3";"12.4";"100000"
"345";"T001112  ";"2022MM08";"123.95";"124.45";"2";"2.1";"12";"14.3";"100000"
"346";"T001112  ";"2022MM09";"126.89";"127.63";"2.4";"2.6";"14.5";"17.2";"100000"
"347";"T001112  ";"2022MM10";"128.25";"128.98";"1.1";"1.1";"14.3";"16.9";"100000"
"348";"T001112  ";"2022MM11";"124.35";"124.77";"-3";"-3.3";"9.9";"12.1";"100000"
